lambda,final_mean_reward,variance
080,34.333333333333336,169.55555555555554
090,27.333333333333332,206.8888888888889
095,38.666666666666664,156.22222222222223
099,89.0,1152.6666666666667
